"Y","query","X1","X2","X3"
"1",0.671914578008168,37,0.325019655516371,1.54215738446364,0.486716109793633
"2",1.37262408380092,19,0.432551388628781,1.62569067592425,0.925101469270885
"3",0.827382374718378,3,0.451351153664291,0.801119408277276,0.150439627934247
"4",0.542994966372089,21,0.429127688053995,-0.222814177098896,0.157740307506174
"5",0.674785616745742,19,0.432551388628781,0.978693264188892,0.692464254098013
"6",0.596475795352049,19,0.432551388628781,0.949247010170198,0.656796620460227
"7",0.838704945336424,6,0.0356267434544861,-0.887774189886992,0.146671277703717
"8",1.20998112963684,3,0.451351153664291,1.17586936027319,0.477596501586959
"9",0.281691057670217,20,0.118678556056693,-0.533438252378139,0.9214519392699
"10",0.595749096437225,29,0.037432805635035,0.402925455544114,0.848953829612583
"11",0.657751323108115,24,0.372444942127913,0.657546039692032,0.97970536374487
"12",0.849378886717786,29,0.037432805635035,0.5654586281832,0.324537772685289
"13",1.16971546453085,1,0.974587939446792,1.40308806627949,0.393163162982091
"14",0.731005030926916,32,0.406509780324996,1.55031947231494,0.309926386922598
"15",0.539827553133885,26,0.321942498208955,-0.131652373452819,0.226825897349045
"16",1.78705401997717,35,0.934445877093822,1.43976786012029,0.190817867638543
"17",1.19931298650671,31,0.302638154709712,-0.444658161438809,0.84108504652977
"18",1.42840721215492,13,0.556560383643955,0.313559824608505,0.267571810167283
"19",0.85792208366133,5,0.195495422463864,1.73132672628826,0.67363489815034
"20",0.687882227899105,3,0.451351153664291,0.670620601098466,0.346154868602753
"21",0.582456925485307,39,0.279030201723799,-0.720129559103086,0.529757078271359
"22",1.32292056736476,22,0.522848009364679,-0.0132925980219023,0.19955318979919
"23",0.873482154437277,38,0.740939779672772,-0.985680510432167,0.876301602460444
"24",0.765147579454448,39,0.279030201723799,-0.555102938374191,0.425113034667447
"25",0.778577309046212,32,0.406509780324996,1.48955535398439,0.113587916828692
"26",0.658196354533942,39,0.279030201723799,-0.536568617269084,0.909378106938675
"27",0.719643354879127,39,0.279030201723799,-0.474365138735309,0.405832145363092
"28",0.859678825105677,15,0.430195479653776,2.36029962944829,0.813061062712222
"29",1.11477141837214,5,0.195495422463864,2.02572362080654,0.255808257730678
"30",1.07841869048057,22,0.522848009364679,-0.24119514687521,0.946868316270411
"31",2.04187868523367,1,0.974587939446792,2.22300348991488,0.527750283479691
"32",0.586815554418672,14,0.254697712371126,-1.0498822783706,0.414124453440309
"33",0.592597135359277,6,0.0356267434544861,-1.16225507571304,0.469906177604571
"34",0.404500070298756,20,0.118678556056693,-0.451690665306407,0.159951832378283
"35",0.436520805277313,7,0.221141679445282,0.240423622613815,0.960019861115143
"36",1.30390026468962,24,0.372444942127913,1.31368944586525,0.556731601245701
"37",1.24717118622958,30,0.352923148311675,-0.0701117146630279,0.770707384450361
"38",0.607551033942492,20,0.118678556056693,-0.202653794875252,0.0897192037664354
"39",0.394314923890828,39,0.279030201723799,-0.828495465272724,0.669210471911356
"40",1.11113308868465,11,0.0122249859850854,0.543404350808039,0.853932828875259
"41",0.726308481193648,7,0.221141679445282,0.482105802817312,0.24453181354329
"42",0.916753456236372,24,0.372444942127913,0.987553037724363,0.954487146344036
"43",1.35833628643284,8,0.78508092649281,-0.464719564045096,0.760520548559725
"44",0.520817978593462,25,0.0897343079559505,-0.143391628996542,0.861636500107124
"45",0.946764359088899,36,0.460177329368889,0.00519454365650429,0.35970759158954
"46",1.3427187216677,33,0.323008173611015,-0.118443059530323,0.355574240209535
"47",1.82267595768542,16,0.931238568387926,-0.722339821083747,0.643343213712797
"48",1.06007104258386,32,0.406509780324996,1.80362010000848,0.886610456742346
"49",0.624993910646533,18,0.195085471263155,2.25457253623821,0.67534545995295
"50",1.18644715615627,28,0.643474987475201,-0.346262061454271,0.620704461587593
"51",0.718046382150857,36,0.460177329368889,-0.247577588278258,0.811723513994366
"52",0.943403527508207,32,0.406509780324996,1.74691670386695,0.222437186865136
"53",0.89143292784795,36,0.460177329368889,-0.0873873741081147,0.549374639755115
"54",0.830626692493244,21,0.429127688053995,-0.0633861447509637,0.76188375451602
"55",1.22533467935333,10,0.78217046847567,1.41755698323637,0.913358120480552
"56",1.55468637834901,1,0.974587939446792,1.85087800656405,0.968357070814818
"57",1.13758386007807,20,0.118678556056693,0.394845810392988,0.325267014326528
"58",0.791025819687603,11,0.0122249859850854,0.210375525342449,0.237156463321298
"59",0.564178313893476,15,0.430195479653776,2.16775057586872,0.347575854277238
"60",1.40485747729544,34,0.782715590437874,0.991511944652101,0.85366600076668
"61",0.744193675546713,20,0.118678556056693,-0.0206949334590464,0.0597177247982472
"62",0.807171678341822,23,0.377736350754276,1.66934847354392,0.697893720818684
"63",1.44073951844664,16,0.931238568387926,-1.1536133822876,0.749947634525597
"64",0.674453608118174,11,0.0122249859850854,0.17683866252765,0.36642354587093
"65",1.3853275418641,40,0.880219120532274,2.32237044452805,0.638176973443478
"66",0.606874849438498,7,0.221141679445282,0.496034635070753,0.337537844898179
"67",0.309405060308007,18,0.195085471263155,1.94078146587194,0.409080634824932
"68",0.714214742095141,39,0.279030201723799,-0.599460846798181,0.63451191294007
"69",1.19617793959921,9,0.680866156239063,0.623233955710246,0.938016856322065
"70",1.18501782971493,7,0.221141679445282,0.99466226350334,0.891868919366971
"71",1.38089129730134,40,0.880219120532274,2.3645866884489,0.307332153664902
"72",0.792128427238883,7,0.221141679445282,0.55320366735388,0.577139601809904
"73",1.08891535907731,38,0.740939779672772,-0.883240172316028,0.660736359888688
"74",1.0440768509101,37,0.325019655516371,2.03824252811173,0.939819701015949
"75",0.947501816646278,13,0.556560383643955,-0.0247230734599235,0.757847331929952
"76",0.712474285093564,39,0.279030201723799,-0.46583442604883,0.62266368791461
"77",0.987497196044434,34,0.782715590437874,0.501244396873315,0.777837691595778
"78",1.12669096984773,12,0.477747607743368,0.421235954945719,0.920380423776805
"79",0.597420511627248,29,0.037432805635035,0.347527928251743,0.202085844706744
"80",1.17085454583077,17,0.983346971450374,-0.123773047984553,0.351462404010817
"81",0.825179459443976,36,0.460177329368889,-0.028744746902415,0.30221694544889
"82",1.29980355660403,10,0.78217046847567,1.52842515223116,0.63203351595439
"83",0.831345370318851,14,0.254697712371126,-0.756926307513306,0.403144737239927
"84",1.18502963159603,9,0.680866156239063,0.708935734008489,0.63383024581708
"85",0.66585738769866,22,0.522848009364679,-0.602437136411421,0.106717362767085
"86",0.939528097266728,31,0.302638154709712,-0.756826046220766,0.883313985541463
"87",0.833160229219041,6,0.0356267434544861,-1.00708280056657,0.890253872610629
"88",1.67534836071544,35,0.934445877093822,1.46353094048066,0.0468909181654453
"89",1.01703443074918,34,0.782715590437874,0.45842229502139,0.863497434882447
"90",1.64126760286171,16,0.931238568387926,-0.937873085530751,0.363756618695334
"91",0.676808084197368,29,0.037432805635035,0.459824552826553,0.744926352519542
"92",0.880262673862771,27,0.451597617240623,0.624218896960982,0.349235817790031
"93",0.349484306157787,14,0.254697712371126,-1.16399781830881,0.347913007251918
"94",1.05257815768488,30,0.352923148311675,-0.289232764519795,0.742376265814528
"95",1.26092050095947,13,0.556560383643955,0.209446542671188,0.207723619882017
"96",0.820898694728861,28,0.643474987475201,-0.635765569236045,0.644364570267498
"97",0.0787202873799784,6,0.0356267434544861,-1.64124235389696,0.849035979015753
"98",1.3585105568358,14,0.254697712371126,-0.291658670234421,0.959659201093018
"99",0.893425998274016,23,0.377736350754276,1.815179279423,0.242651481879875
"100",0.561302728521718,22,0.522848009364679,-0.66155991628369,0.608270127791911
"101",0.967712299824524,39,0.279030201723799,-0.351921996621102,0.664057544898242
"102",0.999251540030212,25,0.0897343079559505,0.241101298700014,0.392678470583633
"103",1.04807600596937,2,0.105001977877691,0.172745372871096,0.902809515129775
"104",1.27931369166201,40,0.880219120532274,2.19316581926424,0.179415955441073
"105",0.959997862863945,19,0.432551388628781,1.21618616546196,0.145355343818665
"106",1.04832044893736,38,0.740939779672772,-0.79204428070475,0.767955253366381
"107",0.864594994195434,13,0.556560383643955,-0.172848982263118,0.433898898540065
"108",0.566035677652822,6,0.0356267434544861,-1.24898542109819,0.149661767529324
"109",0.561016753661042,26,0.321942498208955,-0.155569963720775,0.759459443157539
"110",0.740660936133343,14,0.254697712371126,-0.793079083378354,0.53015241608955
"111",0.724397917236297,11,0.0122249859850854,0.219780374370664,0.964024810353294
"112",1.32062253940383,38,0.740939779672772,-0.565242611945314,0.297175403917208
"113",0.916155965133143,18,0.195085471263155,2.48535983744145,0.861921945586801
"114",1.19672062875672,12,0.477747607743368,0.562165693936682,0.874696452403441
"115",0.932225006113962,7,0.221141679445282,0.75196922391471,0.199637146433815
"116",0.326526830185839,2,0.105001977877691,-0.620873844247152,0.688053738325834
"117",1.32398276047798,12,0.477747607743368,0.635237723447195,0.300949992146343
"118",2.02753065022925,17,0.983346971450374,0.678596567544179,0.672994388733059
"119",0.507191495815225,2,0.105001977877691,-0.361171857449998,0.289989717770368
"120",0.923622702667645,22,0.522848009364679,-0.396282195761554,0.100304918829352
"121",0.554254369110538,33,0.323008173611015,-0.85478041463553,0.407970082014799
"122",0.537532210611245,26,0.321942498208955,-0.264853259879312,0.18645376432687
"123",1.0056496567512,29,0.037432805635035,0.798096089923724,0.709978346247226
"124",1.20576135717502,21,0.429127688053995,0.323285341094036,0.294285585405305
"125",1.05647600751264,33,0.323008173611015,-0.433682464091321,0.491408469155431
"126",1.2021831497014,16,0.931238568387926,-1.3770803835134,0.452125497860834
"127",1.37681600203813,9,0.680866156239063,0.862771680469675,0.395392116392031
"128",1.92675629522385,17,0.983346971450374,0.651292101661699,0.137337080901489
"129",1.24092056637358,21,0.429127688053995,0.384278760355685,0.870735718403012
"130",1.28301590045144,3,0.451351153664291,1.21877080917865,0.308186356211081
"131",1.48287463396871,17,0.983346971450374,0.121101048258158,0.48573036189191
"132",1.16679880152551,27,0.451597617240623,0.904965909661867,0.257172843208537
"133",1.4266381732125,27,0.451597617240623,1.22427502483889,0.779392789583653
"134",0.655968198429136,7,0.221141679445282,0.503263498030645,0.923728395719081
"135",1.16922704552177,12,0.477747607743368,0.482171737214363,0.0911470830906183
"136",0.614717345808654,3,0.451351153664291,0.568856500960368,0.425146215595305
"137",1.52136426185291,17,0.983346971450374,0.298201611214342,0.695484519004822
"138",1.7497620443732,10,0.78217046847567,1.97594112395697,0.490689035272226
"139",1.09673727094714,21,0.429127688053995,0.339278814912562,0.172342867590487
"140",1.86674899108498,10,0.78217046847567,1.92308937996082,0.375151522224769
"141",1.08238733664755,5,0.195495422463864,1.93666011888972,0.892920896410942
"142",1.08570007109356,38,0.740939779672772,-0.831518475341318,0.393280959920958
"143",0.65959687259665,37,0.325019655516371,1.58051595081487,0.75289169093594
"144",1.06825941494873,27,0.451597617240623,0.82334532844662,0.694595434237272
"145",0.282633301166404,2,0.105001977877691,-0.674694627286707,0.593290317105129
"146",0.783302377517801,18,0.195085471263155,2.34598055193268,0.702117800945416
"147",1.09010495293259,15,0.430195479653776,2.5654050268329,0.504289789125323
"148",1.92032968678595,35,0.934445877093822,1.65580454306876,0.102799024898559
"149",0.677123549541007,15,0.430195479653776,2.27186211087772,0.644230853067711
"150",0.839800426569693,32,0.406509780324996,1.58672812649623,0.820919080637395
"151",1.19357388040641,24,0.372444942127913,1.105828136227,0.723092287313193
"152",0.563776237376629,26,0.321942498208955,-0.151932243821359,0.626501829130575
"153",1.30729076690992,34,0.782715590437874,0.762772261368608,0.0353682681452483
"154",0.863703397363425,27,0.451597617240623,0.695995044892796,0.661050052149221
"155",1.20104448518835,23,0.377736350754276,2.09930034575487,0.150505416560918
"156",0.646841694886354,14,0.254697712371126,-0.997483717569078,0.136170714627951
"157",1.16488627816421,5,0.195495422463864,1.96462317232481,0.112692435737699
"158",1.16854968586813,21,0.429127688053995,0.337962236086626,0.140436707995832
"159",0.820138158142112,33,0.323008173611015,-0.534811112592211,0.0265878415666521
"160",1.23804390988041,9,0.680866156239063,0.736327406841381,0.259257248602808
"161",0.497616800387337,2,0.105001977877691,-0.379230750022297,0.481807695236057
"162",1.45481842651392,22,0.522848009364679,0.136437834523864,0.251439497340471
"163",1.04407077479236,15,0.430195479653776,2.64191407413253,0.175522724399343
"164",0.798296897158536,7,0.221141679445282,0.623409415202257,0.499158619437367
"165",1.30927138640825,38,0.740939779672772,-0.607964515362574,0.49097101483494
"166",1.27894812743587,14,0.254697712371126,-0.285996437597016,0.790528389392421
"167",1.43553527969396,13,0.556560383643955,0.400548913058132,0.702631116844714
"168",0.367732148759605,29,0.037432805635035,0.230343644108593,0.837837863946334
"169",1.09840020539193,6,0.0356267434544861,-0.753060859348048,0.662497560959309
"170",0.93833865520652,30,0.352923148311675,-0.287225452378436,0.177083197748289
"171",1.12902346703961,31,0.302638154709712,-0.607568524144398,0.557043981039897
"172",0.955072043382499,15,0.430195479653776,2.41846422763572,0.287362411385402
"173",1.677096739607,16,0.931238568387926,-0.893690052477919,0.842752905096859
"174",2.02408858297766,17,0.983346971450374,0.747741691018479,0.479361193021759
"175",1.62157442832347,28,0.643474987475201,0.189775412019427,0.489243696676567
"176",0.94402502462654,18,0.195085471263155,2.54621503818848,0.6847948001232
"177",1.22152047732386,37,0.325019655516371,2.22914073768915,0.838956304360181
"178",1.77853275047458,1,0.974587939446792,2.02524558526424,0.905818392755464
"179",0.409372406287299,29,0.037432805635035,0.123590659184351,0.90789679880254
"180",0.642311474677756,3,0.451351153664291,0.634776788470748,0.215204611420631
"181",0.620774736148551,13,0.556560383643955,-0.373796818537399,0.589001768734306
"182",0.930278763739695,29,0.037432805635035,0.671567318096727,0.260150108486414
"183",1.15236924732791,9,0.680866156239063,0.607818057418851,0.944990887306631
"184",0.827915979506161,3,0.451351153664291,0.854544700994569,0.14650576421991
"185",1.16950643497562,27,0.451597617240623,0.868771129984551,0.932126883883029
"186",0.710533025096429,15,0.430195479653776,2.28415631135956,0.246770297177136
"187",0.824571842043107,2,0.105001977877691,-0.0858309201391684,0.233222026610747
"188",0.496024839916004,4,0.270179823506624,-0.575515757567491,0.285458179889247
"189",1.39172409606294,9,0.680866156239063,0.827420873691378,0.775137456133962
"190",1.28111530347777,14,0.254697712371126,-0.280116488982851,0.494187507079914
"191",0.179694946611803,29,0.037432805635035,-0.0125246231239592,0.977323677856475
"192",0.92038822309696,34,0.782715590437874,0.485832530044516,0.954730218974873
"193",1.08498943078223,10,0.78217046847567,1.25085692624949,0.552122627384961
"194",1.19503441064829,8,0.78508092649281,-0.721207037657747,0.841371983056888
"195",0.149438841480624,29,0.037432805635035,-0.0723488316200977,0.318199755158275
"196",1.3682197558245,21,0.429127688053995,0.475786925124724,0.14064000104554
"197",0.923085506959165,32,0.406509780324996,1.65883597078376,0.666690062731504
"198",1.18029387389273,15,0.430195479653776,2.75081572524303,0.276048156432807
"199",1.25906422880608,38,0.740939779672772,-0.605306242502002,0.130522794323042
"200",1.61315736368371,38,0.740939779672772,-0.323669681700585,0.0193275939673185
"201",1.21290387973219,40,0.880219120532274,2.16648284146678,0.729472381994128
"202",1.16031918670147,12,0.477747607743368,0.523589741296879,0.923021659720689
"203",1.17973167022761,17,0.983346971450374,-0.161138194897188,0.626416318351403
"204",1.38580370287899,12,0.477747607743368,0.734809368474221,0.715506839798763
"205",0.837483130881339,6,0.0356267434544861,-1.01137257013412,0.47853538650088
"206",1.30660702305382,5,0.195495422463864,2.10621991942143,0.347102906089276
"207",1.27178044792391,30,0.352923148311675,-0.0146441139616511,0.155416744528338
"208",0.771856580846413,32,0.406509780324996,1.41931656607069,0.236470161471516
"209",0.988455947490486,8,0.78508092649281,-0.941486344762395,0.973005403531715
"210",0.987875474146995,12,0.477747607743368,0.216237617747671,0.907227653078735
"211",0.649511007095539,25,0.0897343079559505,-0.0316918196762709,0.524365497985855
"212",0.574887727443423,25,0.0897343079559505,-0.0647640815145133,0.377402149373665
"213",0.619945984016154,18,0.195085471263155,2.18437807997756,0.904595186933875
"214",1.06196528135251,6,0.0356267434544861,-0.701250793598015,0.311815595021471
"215",0.443341974959565,2,0.105001977877691,-0.441930144090046,0.985422365833074
"216",0.584866287654299,33,0.323008173611015,-0.801090328050992,0.238417136482894
"217",1.35703903942167,23,0.377736350754276,2.29536042793157,0.376227148575708
"218",0.56704145367003,32,0.406509780324996,1.24511480679378,0.341288841096684
"219",0.802598789500029,28,0.643474987475201,-0.701872060026889,0.945142958778888
"220",1.6796818206644,35,0.934445877093822,1.37163566985367,0.886707372497767
"221",1.3993420908576,33,0.323008173611015,-0.051959884381136,0.119707953184843
"222",1.14703201758884,5,0.195495422463864,2.00346604830092,0.0303152624983341
"223",1.65143195974579,35,0.934445877093822,1.41449462856365,0.270138431573287
"224",0.890173975877941,20,0.118678556056693,0.157211725739879,0.830526751931757
"225",0.741763117444326,24,0.372444942127913,0.681854195215645,0.543932722182944
"226",0.322442097439931,7,0.221141679445282,0.158244754493278,0.562880397075787
"227",0.875547020745187,4,0.270179823506624,-0.241242412031869,0.372271596221253
"228",1.00048426010487,34,0.782715590437874,0.484259076387187,0.302574960514903
"229",0.516945452575314,25,0.0897343079559505,-0.218754598186424,0.0807445596437901
"230",0.910101745916734,4,0.270179823506624,-0.284252507399078,0.501840370940045
"231",1.12173553370742,1,0.974587939446792,1.38180658362766,0.121923430357128
"232",1.12034265151652,36,0.460177329368889,0.218002792010626,0.0951846360694617
"233",1.36308493394725,17,0.983346971450374,0.0343351298431177,0.583830687217414
"234",1.36104954494977,37,0.325019655516371,2.28397587443614,0.415935565950349
"235",0.287233597284236,2,0.105001977877691,-0.682808790119206,0.989525557728484
"236",0.929945123219007,14,0.254697712371126,-0.545698667236531,0.0246913554146886
"237",0.98175031350022,32,0.406509780324996,1.726600165466,0.77230010041967
"238",1.68337026945189,1,0.974587939446792,1.95484665596818,0.779213343048468
"239",1.00834362694313,40,0.880219120532274,1.97788419631425,0.971066048135981
"240",1.36991231641184,3,0.451351153664291,1.29241721489042,0.770408985204995
"241",0.590870665524378,20,0.118678556056693,-0.25658307000983,0.586476079421118
"242",0.877356051229476,13,0.556560383643955,-0.119833282187343,0.965988504001871
"243",1.90902768150343,1,0.974587939446792,2.18278908847791,0.479853263124824
"244",0.531696151301172,39,0.279030201723799,-0.763262680086925,0.536987033905461
"245",1.29747602062802,38,0.740939779672772,-0.628669606663925,0.710969356121495
"246",1.40343309867222,34,0.782715590437874,0.96538840906558,0.146159360418096
"247",0.174291088803747,25,0.0897343079559505,-0.438393893898538,0.36760788387619
"248",1.13319509466366,3,0.451351153664291,1.08402591891162,0.467829092172906
"249",0.574030787977222,25,0.0897343079559505,-0.155243937871492,0.76311550475657
"250",0.659734803683512,18,0.195085471263155,2.25258623333715,0.881156018935144
"251",1.20495979764733,30,0.352923148311675,-0.0052849127781085,0.0872970325872302
"252",1.05175358945413,27,0.451597617240623,0.795165539717444,0.708047217223793
"253",0.747052130503624,31,0.302638154709712,-0.929082251684548,0.411607570946217
"254",1.31756761577709,31,0.302638154709712,-0.373192256614373,0.709559530485421
"255",1.58714413105972,16,0.931238568387926,-1.01998719832701,0.279736165655777
"256",1.09236624791396,7,0.221141679445282,0.978858478440014,0.990071198670194
"257",0.760584812072444,7,0.221141679445282,0.543963139018086,0.874603193253279
"258",0.96551909464928,14,0.254697712371126,-0.62129786476765,0.448673404753208
"259",1.11497628001017,1,0.974587939446792,1.34753691267182,0.109953678911552
"260",0.809022725312315,5,0.195495422463864,1.68469863503678,0.292907224036753
"261",0.834488837626829,28,0.643474987475201,-0.641048161264425,0.657176785171032
"262",0.375748253803647,37,0.325019655516371,1.38167222439224,0.535346531076357
"263",1.72790090820587,34,0.782715590437874,1.25650570934502,0.818548803217709
"264",0.960635657926821,24,0.372444942127913,0.955283378737884,0.153324875282124
"265",0.876638024883499,21,0.429127688053995,-0.0205381581850609,0.963906424120069
"266",1.14130457440762,10,0.78217046847567,1.26193243456461,0.415740665281191
"267",0.915184701729082,31,0.302638154709712,-0.773248594086425,0.153529593721032
"268",0.828743685726648,8,0.78508092649281,-0.938174951212729,0.47530207852833
"269",0.761714269648751,7,0.221141679445282,0.619384152887431,0.0477801198139787
"270",0.955044524367607,34,0.782715590437874,0.510598619672035,0.18899246910587
"271",0.949999527366235,35,0.934445877093822,0.760272977419327,0.621467907680199
"272",1.05094620440333,24,0.372444942127913,0.994237804108205,0.209458817727864
"273",0.677744475257695,21,0.429127688053995,-0.239251998654779,0.779936430277303
"274",1.74185155403931,35,0.934445877093822,1.39040275128757,0.0662819896824658
"275",1.11942363468666,28,0.643474987475201,-0.329962135476907,0.714441098971292
"276",1.00408407374771,32,0.406509780324996,1.64972021732122,0.127807372249663
"277",1.16208663969592,37,0.325019655516371,2.18956763426685,0.896536440588534
"278",0.678350390026498,36,0.460177329368889,-0.178986724903265,0.113362686475739
"279",0.87455745070283,31,0.302638154709712,-0.880963059905724,0.588090198114514
"280",1.73180251449302,35,0.934445877093822,1.46901783045581,0.946486668661237
"281",1.14304216195474,38,0.740939779672772,-0.720857496748386,0.49394845799543
"282",0.843260680049539,32,0.406509780324996,1.64596406741642,0.620286376914009
"283",1.62569871755672,10,0.78217046847567,1.71030877582185,0.986373862018809
"284",0.519259771261995,15,0.430195479653776,2.10986319795282,0.195192640414461
"285",1.06075557539809,2,0.105001977877691,0.157182415718372,0.495352467056364
"286",1.77427603010682,10,0.78217046847567,2.00149668199398,0.0566027697641402
"287",0.961426886501474,33,0.323008173611015,-0.545794349657586,0.527221383294091
"288",1.61804514313891,40,0.880219120532274,2.66258935710531,0.305701223900542
"289",1.18460031655932,24,0.372444942127913,1.22165820027972,0.220769017236307
"290",1.82723104969326,10,0.78217046847567,1.96816541236282,0.544580311281607
"291",0.468188578334293,7,0.221141679445282,0.25728286740188,0.114377750083804
"292",1.36093275688273,40,0.880219120532274,2.32033791612949,0.285089781042188
"293",1.26410574578182,9,0.680866156239063,0.656507037005438,0.516581266885623
"294",1.75146441716441,34,0.782715590437874,1.18717059955796,0.208646518411115
"295",1.94643205556,35,0.934445877093822,1.73076289194835,0.696681147906929
"296",1.11293617919243,2,0.105001977877691,0.114303006095971,0.0788118792697787
"297",1.18962959111631,36,0.460177329368889,0.339888173416799,0.0469240737147629
"298",0.974764137893173,16,0.931238568387926,-1.51556542705586,0.432942068669945
"299",0.750304256848182,5,0.195495422463864,1.61367848424679,0.988819976337254
"300",1.76678269874888,16,0.931238568387926,-0.696035213105657,0.30749750090763
"301",1.32220847073641,10,0.78217046847567,1.45732698641174,0.349698303965852
"302",0.958793574335199,36,0.460177329368889,0.0214271003199579,0.595943556167185
"303",0.931440942666522,32,0.406509780324996,1.72280939178184,0.751808744622394
"304",1.1792157267921,26,0.321942498208955,0.525515049132371,0.490301051409915
"305",1.09237146321269,24,0.372444942127913,1.02673980851928,0.937103486154228
"306",1.33181770250162,16,0.931238568387926,-1.22796906348159,0.789810684975237
"307",0.771080166364875,19,0.432551388628781,1.08966742397909,0.174208750016987
"308",1.28095645774994,32,0.406509780324996,2.0295052539894,0.0623429215047508
"309",1.55036835247485,35,0.934445877093822,1.34701092542348,0.0716898471582681
"310",0.543838571309775,19,0.432551388628781,0.875164883329249,0.221526178065687
"311",0.525615176591095,19,0.432551388628781,0.82618899445673,0.680298661347479
"312",1.23273110022366,3,0.451351153664291,1.19830909831025,0.670820410829037
"313",0.670309408066317,31,0.302638154709712,-0.93848484248835,0.0842286546248943
"314",0.860939245893111,25,0.0897343079559505,0.146796705652887,0.105613626306877
"315",0.565905771233542,23,0.377736350754276,1.43740548414612,0.159447921440005
"316",0.713014218531102,11,0.0122249859850854,0.218538054317385,0.0427165278233588
"317",0.427939547980547,37,0.325019655516371,1.45336254699068,0.929297037422657
"318",0.618234517386312,24,0.372444942127913,0.534623087870794,0.558324155164883
"319",1.18639432504473,23,0.377736350754276,2.11538446031014,0.208164501935244
"320",0.948161971653603,9,0.680866156239063,0.379954799435152,0.226228717714548
"321",1.00428979934189,26,0.321942498208955,0.243240526080915,0.763594671618193
"322",0.697489562148431,9,0.680866156239063,0.246035355034335,0.217429852345958
"323",0.488264738727958,30,0.352923148311675,-0.776175353337123,0.376205177977681
"324",1.04590011537033,2,0.105001977877691,0.0652548754626615,0.706311729503796
"325",0.851208232495297,39,0.279030201723799,-0.402688369208634,0.21595901530236
"326",0.919953526758175,31,0.302638154709712,-0.681214492600219,0.15532289375551
"327",1.01175113310726,10,0.78217046847567,1.21284255180895,0.779752068920061
"328",0.992097079695306,22,0.522848009364679,-0.267955383701004,0.788814862957224
"329",0.894097262803507,30,0.352923148311675,-0.445960720429241,0.927430154522881
"330",1.05370463165532,20,0.118678556056693,0.205857629329082,0.766271172789857
"331",1.48899005707273,23,0.377736350754276,2.32563435623856,0.200902139069512
"332",0.801737795771002,11,0.0122249859850854,0.196978252433389,0.160740772262216
"333",0.518194919610599,2,0.105001977877691,-0.451808746434589,0.893546786392108
"334",1.10621314436414,10,0.78217046847567,1.19367478560113,0.268473515287042
"335",0.425230064707083,14,0.254697712371126,-1.12979504402068,0.584198080701753
"336",1.02025077789655,6,0.0356267434544861,-0.751430503976886,0.216890314826742
"337",1.11677864990734,32,0.406509780324996,1.81182558740132,0.528530961368233
"338",0.982713710055809,25,0.0897343079559505,0.369839790495971,0.4937148692552
"339",0.581617193375558,37,0.325019655516371,1.50294544793578,0.972423346713185
"340",1.43381982791381,1,0.974587939446792,1.65702100449202,0.0728052239865065
"341",0.390765256172462,30,0.352923148311675,-0.782149215355559,0.183353792643175
"342",1.0573665168849,40,0.880219120532274,2.01791784457046,0.991218763403594
"343",1.48952610029223,28,0.643474987475201,-0.00357742276779316,0.264705118024722
"344",0.693796036076032,30,0.352923148311675,-0.639178083637773,0.793125414522365
"345",1.08112684574994,25,0.0897343079559505,0.465572771602237,0.529968709452078
"346",0.666239480541328,22,0.522848009364679,-0.627747090017177,0.0120307055767626
"347",1.16131378600291,4,0.270179823506624,0.0130222716636406,0.0767813527490944
"348",1.40876303258041,39,0.279030201723799,0.0972025729178789,0.937097782734782
"349",0.647076085222284,25,0.0897343079559505,-0.0231522983080504,0.811995851341635
"350",1.68865608204354,1,0.974587939446792,1.9026574129421,0.418280408484861
"351",1.32071600697664,28,0.643474987475201,-0.183030448572626,0.749984372872859
"352",1.20496324904717,21,0.429127688053995,0.33928058698659,0.622379813808948
"353",0.659774882554256,4,0.270179823506624,-0.508778244742434,0.750951912719756
"354",0.936281557131452,11,0.0122249859850854,0.376594908820614,0.718229763908312
"355",1.22885123884358,37,0.325019655516371,2.15432561667548,0.95045493170619
"356",1.53378031436264,10,0.78217046847567,1.70139668258295,0.384603523416445
"357",0.887131987652677,4,0.270179823506624,-0.273719817419778,0.104690312407911
"358",0.930599987679574,29,0.037432805635035,0.673800939761072,0.115579220699146
"359",0.15167081871,29,0.037432805635035,0.010506251428246,0.303155509289354
"360",0.438028766860632,18,0.195085471263155,1.99633631147512,0.763988797785714
"361",1.60554080370205,16,0.931238568387926,-0.94185558849787,0.40537090646103
"362",0.756429529563284,5,0.195495422463864,1.56796344511649,0.275646143592894
"363",1.68136855666319,9,0.680866156239063,1.13394158159667,0.0815665130503476
"364",1.31013933532502,15,0.430195479653776,2.82916847878166,0.444129035808146
"365",0.580923372549483,18,0.195085471263155,2.16637591146932,0.234273185487837
"366",0.959401926455747,34,0.782715590437874,0.452312171895554,0.710874527925625
"367",0.906056460087213,4,0.270179823506624,-0.213619462699871,0.166660716291517
"368",0.909103089932884,18,0.195085471263155,2.46324664764174,0.0533238961361349
"369",0.654359742759923,19,0.432551388628781,0.898975680700219,0.719118451932445
"370",0.867436665896488,7,0.221141679445282,0.700938723122743,0.701470102183521
"371",1.07533621881985,39,0.279030201723799,-0.1821792871297,0.217115855542943
"372",0.82641239156416,5,0.195495422463864,1.70352983756429,0.948379515903071
"373",0.97037251772839,9,0.680866156239063,0.386854399119554,0.293957679532468
"374",1.33676818669612,17,0.983346971450374,0.0117856158828606,0.925313953310251
"375",0.833914601848416,12,0.477747607743368,0.185641619933581,0.074316025711596
"376",1.72191646528277,9,0.680866156239063,1.19209025742771,0.977421243209392
"377",1.3596574220482,27,0.451597617240623,1.1156778805872,0.873719062888995
"378",1.35051456149013,36,0.460177329368889,0.477482236251778,0.457371596712619
"379",1.89691169361728,35,0.934445877093822,1.59296158772161,0.650874241720885
"380",0.815825082136739,37,0.325019655516371,1.73643375410611,0.843943330459297
"381",0.98300850427501,22,0.522848009364679,-0.38141027483692,0.885474303271621
"382",0.721852657748923,11,0.0122249859850854,0.213148049596846,0.364386329893023
"383",1.36208470928094,39,0.279030201723799,0.0328925055845979,0.541767651215196
"384",1.27487136300316,39,0.279030201723799,0.0665598003588024,0.993835088564083
"385",0.639030038085877,36,0.460177329368889,-0.280143556622246,0.120561635354534
"386",0.884673868203455,29,0.037432805635035,0.726813752504035,0.0494337161071599
"387",1.51318377780914,16,0.931238568387926,-1.06533472546218,0.0778489648364484
"388",0.808550826003708,38,0.740939779672772,-1.04416717905801,0.505473083583638
"389",1.15708035885669,32,0.406509780324996,1.89440515892223,0.888912972295657
"390",1.12385285891711,4,0.270179823506624,-0.0765809978090777,0.738852998940274
"391",0.461266487783726,26,0.321942498208955,-0.301264911522305,0.757187556475401
"392",1.5427451708656,28,0.643474987475201,0.11316583822676,0.0451643578708172
"393",0.865778020813696,29,0.037432805635035,0.597391148397669,0.958622101927176
"394",0.557761680305065,20,0.118678556056693,-0.17873163018364,0.400119638536125
"395",1.33797949818949,1,0.974587939446792,1.53892352992629,0.0574317346327007
"396",1.50943929328443,22,0.522848009364679,0.280771033423267,0.816814571619034
"397",0.917795569868941,7,0.221141679445282,0.693421326417518,0.763782235793769
"398",0.938057208658071,27,0.451597617240623,0.736173060488098,0.265079326462001
"399",1.31968921757429,23,0.377736350754276,2.28165459481502,0.697313640266657
"400",0.891930718610595,5,0.195495422463864,1.74970853284439,0.699203823460266
"401",0.826975723404389,33,0.323008173611015,-0.550484614707744,0.156726360786706
"402",1.26725772048119,19,0.432551388628781,1.47834545758245,0.782229963224381
"403",1.06802256532365,30,0.352923148311675,-0.133280473189472,0.741394495358691
"404",0.930841140427358,12,0.477747607743368,0.144715528793445,0.963149901479483
"405",0.420117207012702,33,0.323008173611015,-0.933437056634789,0.00639356556348503
"406",1.03625977552239,30,0.352923148311675,-0.161890874743505,0.856694464571774
"407",0.741511551907949,2,0.105001977877691,-0.152020443925475,0.0305181173607707
"408",0.966638036447084,27,0.451597617240623,0.6756246415881,0.937551651615649
"409",1.18364466581255,37,0.325019655516371,2.18485880469815,0.544637976679951
"410",1.13878502103579,27,0.451597617240623,0.921872676581287,0.826660806080326
"411",0.986241650553658,21,0.429127688053995,0.163579248188783,0.222375047625974
"412",0.30157887739754,25,0.0897343079559505,-0.341718522380179,0.445983430370688
"413",1.54137417129493,40,0.880219120532274,2.56997466586646,0.870927062118426
"414",0.968487141846571,4,0.270179823506624,-0.074914766728188,0.560115144588053
"415",1.26644917372966,38,0.740939779672772,-0.584429290287835,0.70001995912753
"416",1.32692506876963,30,0.352923148311675,0.0616764417979427,0.11751991417259
"417",1.66268011452157,28,0.643474987475201,0.136104549562643,0.109398592729121
"418",1.11492196520337,36,0.460177329368889,0.13430156445185,0.671876746229827
"419",0.926366353558645,31,0.302638154709712,-0.79865741247292,0.612412799149752
"420",0.974984901885182,38,0.740939779672772,-0.988973443072928,0.220640606014058
"421",0.14262657761685,6,0.0356267434544861,-1.6529378117522,0.96340486430563
"422",1.30311049242559,17,0.983346971450374,0.0899753819173445,0.697260496672243
"423",0.956768819704388,26,0.321942498208955,0.309353814362401,0.684125544968992
"424",1.37310749775242,27,0.451597617240623,1.17286922293543,0.924777996726334
"425",1.18214278014165,17,0.983346971450374,-0.111855033603473,0.667980808764696
"426",1.74315368534506,16,0.931238568387926,-0.727888767643176,0.0847011241130531
"427",1.57598604115069,15,0.430195479653776,3.03302235767276,0.826861337991431
"428",0.587670072362438,20,0.118678556056693,-0.161285720160115,0.902814197354019
"429",0.871716505548174,11,0.0122249859850854,0.282825494004562,0.58290530461818
"430",0.885537706922739,36,0.460177329368889,-0.108776203561032,0.170033701695502
"431",0.977650814067962,14,0.254697712371126,-0.550350870530049,0.748103650286794
"432",1.43216398420688,12,0.477747607743368,0.67678128098864,0.969593235291541
"433",1.09623320355681,31,0.302638154709712,-0.524764522276626,0.116546129342169
"434",0.591860678361533,20,0.118678556056693,-0.167232415033388,0.419451738009229
"435",1.27409823629158,27,0.451597617240623,1.07440014509312,0.474982823710889
"436",0.718674085765393,2,0.105001977877691,-0.153553026957278,0.931692125275731
"437",1.40514301956391,16,0.931238568387926,-1.13159290611585,0.748837680788711
"438",1.02080762985795,19,0.432551388628781,1.38076544541558,0.74826894979924
"439",0.236311270194746,11,0.0122249859850854,-0.220391722110883,0.388549183728173
"440",0.847409702927265,2,0.105001977877691,-0.105216638646861,0.281445745844394
"441",1.02373609424678,31,0.302638154709712,-0.70763946726899,0.625864766305313
"442",0.874288380215424,25,0.0897343079559505,0.238372478387246,0.640140588395298
"443",0.996741135406632,8,0.78508092649281,-0.793013279881576,0.136529462877661
"444",0.65047700391367,11,0.0122249859850854,0.0836048992873725,0.337040159385651
"445",1.44027584258202,9,0.680866156239063,0.825497181278704,0.168234525481239
"446",1.38796972559906,1,0.974587939446792,1.5503357916787,0.392092170892283
"447",1.18786757122384,17,0.983346971450374,-0.174065871215401,0.777177270734683
"448",1.18925355240706,37,0.325019655516371,2.05961897726083,0.229587027570233
"449",1.15402524620267,16,0.931238568387926,-1.44817546781925,0.484361796407029
"450",1.30611072254812,5,0.195495422463864,2.0785730672299,0.189259394304827
"451",1.38763456453182,34,0.782715590437874,0.902925154630592,0.163450193824247
"452",0.469125533917652,7,0.221141679445282,0.26798245364618,0.823765251087025
"453",1.37336097057194,35,0.934445877093822,1.18152481644614,0.467864532023668
"454",0.8455402150221,15,0.430195479653776,2.30234659096257,0.303944566985592
"455",0.222987313836705,29,0.037432805635035,-0.00499530036750487,0.709684811066836
"456",1.1103598434785,14,0.254697712371126,-0.528572866053248,0.276922545628622
"457",1.34808935708606,26,0.321942498208955,0.549750700262227,0.203964271582663
"458",1.10087802526742,31,0.302638154709712,-0.595556726744206,0.176161327864975
"459",1.07278858123788,20,0.118678556056693,0.36250181952503,0.448300179326907
"460",0.23614060372575,11,0.0122249859850854,-0.331773438438624,0.713932154234499
"461",1.36045559121211,1,0.974587939446792,1.56785997261253,0.410102454945445
"462",1.22298084917729,19,0.432551388628781,1.46861374390004,0.204328414052725
"463",0.351064477244211,25,0.0897343079559505,-0.323347115204742,0.0680276486091316
"464",0.802050182494062,30,0.352923148311675,-0.396716391095935,0.578634253237396
"465",1.62050416977118,16,0.931238568387926,-0.905287668144606,0.812958124792203
"466",1.03521077204863,17,0.983346971450374,-0.185057395654706,0.760633729863912
"467",0.922716249011728,29,0.037432805635035,0.771900111643567,0.566859228303656
"468",0.668360077692791,11,0.0122249859850854,0.175258738273903,0.82605900731869
"469",0.970396925982134,25,0.0897343079559505,0.354859381201604,0.708338791038841
"470",0.67630994181873,37,0.325019655516371,1.65386021802114,0.597025168826804
"471",0.14251890152777,6,0.0356267434544861,-1.65339008015523,0.565619261935353
"472",0.870209505339851,39,0.279030201723799,-0.424965495763033,0.117803294444457
"473",0.924379219898101,24,0.372444942127913,0.870845747900101,0.791483933338895
"474",1.16643772719861,15,0.430195479653776,2.73022815497623,0.37097971024923
"475",0.756921194143279,27,0.451597617240623,0.506416663292938,0.392373141134158
"476",1.07910977000222,9,0.680866156239063,0.505156983279674,0.927044975571334
"477",1.29100215260201,14,0.254697712371126,-0.241687948874125,0.584772839909419
"478",1.74538732242706,35,0.934445877093822,1.53514643619968,0.922773238737136
"479",0.62492516391743,14,0.254697712371126,-0.90180014149558,0.0741177753079683
"480",1.10802684713005,14,0.254697712371126,-0.528033334587628,0.0665398240089417
"481",0.909539688328621,5,0.195495422463864,1.76373759659445,0.554096105275676
"482",0.468997089284983,25,0.0897343079559505,-0.271695300717911,0.436120312893763
"483",1.24624305071723,38,0.740939779672772,-0.62612114744511,0.739566145930439
"484",1.27013690543253,15,0.430195479653776,2.71990715624795,0.889914902858436
"485",1.33258317622707,15,0.430195479653776,2.91721522953392,0.283383578062057
"486",0.451878983749721,29,0.037432805635035,0.256992784628614,0.586726900190115
"487",1.70595308435455,8,0.78508092649281,-0.166923089275385,0.71938518830575
"488",1.70264427639415,34,0.782715590437874,1.21900675116902,0.902558196801692
"489",1.38124657824864,36,0.460177329368889,0.505778666846997,0.93659451068379
"490",0.39740013679452,25,0.0897343079559505,-0.254164419150984,0.355282148811966
"491",1.79791042489173,38,0.740939779672772,-0.175018856211273,0.672577476594597
"492",1.26791984113887,24,0.372444942127913,1.25251349878767,0.300820240052417
"493",1.44687315994778,27,0.451597617240623,1.14030510489657,0.948262714082375
"494",1.31198799218742,12,0.477747607743368,0.57145370808225,0.656641478417441
"495",1.23557386982461,13,0.556560383643955,0.103841218639403,0.832665035035461
"496",1.16237738310628,13,0.556560383643955,0.0201676797664312,0.2589235403575
"497",1.0063933721053,36,0.460177329368889,0.161096597118846,0.976791120832786
"498",1.35365502660773,13,0.556560383643955,0.260392381118849,0.0691230297088623
"499",1.26498373296678,22,0.522848009364679,0.0407484015955253,0.609627526020631
"500",1.57073769056066,21,0.429127688053995,0.643527950224254,0.123303541447967
"501",1.94666697808854,1,0.974587939446792,2.26543709032198,0.918105564778671
"502",0.4569361011834,33,0.323008173611015,-0.951862236047378,0.575104163959622
"503",0.713431884288295,33,0.323008173611015,-0.721548060681885,0.92328403936699
"504",1.00946876524311,15,0.430195479653776,2.53786118892983,0.976671409327537
"505",1.74419741743337,34,0.782715590437874,1.30488208166187,0.689441540976986
"506",1.67420313389741,38,0.740939779672772,-0.263560782328887,0.202849727356806
"507",0.331500912967869,11,0.0122249859850854,-0.159443758608625,0.878486150642857
"508",0.834643163665935,38,0.740939779672772,-1.0052853139608,0.627076167147607
"509",1.41352367326767,32,0.406509780324996,2.21567265152574,0.982296118047088
"510",0.940431666072127,3,0.451351153664291,1.00441019347444,0.748018708545715
"511",0.619384929825233,29,0.037432805635035,0.403617634272173,0.427175759337842
"512",1.23774431797934,4,0.270179823506624,0.071922613055204,0.417333831312135
"513",1.3643345520258,21,0.429127688053995,0.600083757954437,0.778453269274905
"514",0.222318706017064,2,0.105001977877691,-0.623346502423127,0.478165584150702
"515",0.397490693481888,14,0.254697712371126,-1.1960290838619,0.628452478442341
"516",0.361261186140845,2,0.105001977877691,-0.511015631487434,0.395070795435458
"517",1.83648326993291,40,0.880219120532274,2.82044349784147,0.73757184506394
"518",0.918714085385543,15,0.430195479653776,2.52090832224146,0.537815999705344
"519",0.912660870088487,30,0.352923148311675,-0.280158852120905,0.825627739075571
"520",1.70363393564283,38,0.740939779672772,-0.148673385523898,0.155753153841943
"521",1.25242980099061,38,0.740939779672772,-0.63494199877855,0.614944237517193
"522",1.11504763680561,27,0.451597617240623,0.94729011435821,0.757241038605571
"523",1.0473423297563,11,0.0122249859850854,0.424756965652257,0.667873486643657
"524",1.35689561072667,22,0.522848009364679,0.0603509485295637,0.38048499985598
"525",1.14967530155178,8,0.78508092649281,-0.693816063549618,0.420214375481009
"526",0.872176649479361,15,0.430195479653776,2.35785794845813,0.237112276954576
"527",1.51480453446586,28,0.643474987475201,0.0406572681871156,0.957449917448685
"528",1.23510649414096,30,0.352923148311675,0.0644946294966646,0.914016987895593
"529",0.326584813044843,29,0.037432805635035,0.0716883980873669,0.362392724025995
"530",1.41976342881761,40,0.880219120532274,2.43808280151453,0.961751970462501
"531",0.934302991623433,22,0.522848009364679,-0.401547544818126,0.665267908247188
"532",0.986521376299756,9,0.680866156239063,0.421113341937823,0.739810583647341
"533",1.37960685117467,15,0.430195479653776,2.92901856550977,0.998956236056983
"534",0.844361470490723,7,0.221141679445282,0.755466713875574,0.649702429072931
"535",1.26571340195201,3,0.451351153664291,1.1866360992989,0.205113131087273
"536",1.22763883421248,26,0.321942498208955,0.421678159520814,0.704520660452545
"537",1.28737206682621,39,0.279030201723799,-0.0466108569481072,0.619766093092039
"538",1.13314259089689,17,0.983346971450374,-0.168540368140651,0.332498027710244
"539",1.12170278642657,38,0.740939779672772,-0.749576004829897,0.992297901073471
"540",0.498573439698923,20,0.118678556056693,-0.237345083476859,0.680482762632892
"541",0.932083632877968,33,0.323008173611015,-0.587602491751527,0.724794850684702
"542",1.41338238535043,28,0.643474987475201,-0.0793008133283903,0.612411545589566
"543",1.36285923879666,23,0.377736350754276,2.28995154786358,0.0529785268008709
"544",0.13028537509071,2,0.105001977877691,-0.726851838404153,0.936886698938906
"545",0.565786911701875,14,0.254697712371126,-1.00436511897754,0.445841323118657
"546",1.53856757631473,16,0.931238568387926,-0.98246817457331,0.6302599911578
"547",1.39020332523856,17,0.983346971450374,0.19173306035346,0.77232702751644
"548",0.899245033149703,5,0.195495422463864,1.73167435943587,0.932012914214283
"549",0.767653713747335,5,0.195495422463864,1.50371347742593,0.799015848664567
"550",0.150978772025279,2,0.105001977877691,-0.715956931231384,0.361949323676527
"551",0.507470575054948,24,0.372444942127913,0.485834190177637,0.330198070732877
"552",0.809847029021409,31,0.302638154709712,-0.911880605919094,0.603343338239938
"553",1.03074168065092,37,0.325019655516371,1.94048871974373,0.73319750931114
"554",1.5557201156277,28,0.643474987475201,0.140855623690496,0.552149535855278
"555",1.5681904272314,16,0.931238568387926,-0.925739714911484,0.576799154514447
"556",1.13796849455644,10,0.78217046847567,1.25426775431648,0.543266465654597
"557",1.73265827506137,1,0.974587939446792,1.8807757268842,0.394318052567542
"558",1.16874128513385,24,0.372444942127913,1.15063215491632,0.514278241200373
"559",1.81033648791624,1,0.974587939446792,2.08261559043971,0.505176863865927
"560",1.4118803962894,15,0.430195479653776,2.95296275737726,0.304556695045903
"561",1.10261398579288,35,0.934445877093822,0.772761008480693,0.37946095247753
"562",0.997048363473144,24,0.372444942127913,1.04222879747199,0.663948046742007
"563",0.965138328216077,7,0.221141679445282,0.817023040333805,0.318957553477958
"564",0.67446412354699,19,0.432551388628781,1.02493702515652,0.906135554658249
"565",1.56106342573805,3,0.451351153664291,1.46209870482371,0.639341362053528
"566",1.45181934924804,10,0.78217046847567,1.59213200891778,0.529661465669051
"567",1.1519076167223,2,0.105001977877691,0.191694066630836,0.617881228215992
"568",0.895957822102879,19,0.432551388628781,1.15418817743351,0.731454521883279
"569",0.61456605396564,29,0.037432805635035,0.354433595502719,0.664067368721589
"570",1.22970598300774,36,0.460177329368889,0.254738667076996,0.196037100162357
"571",1.49844369470065,28,0.643474987475201,0.00129216169201829,0.299571160692722
"572",0.586313216858589,5,0.195495422463864,1.44629111376098,0.783821243792772
"573",1.05205594644123,6,0.0356267434544861,-0.821203671115805,0.885235187131912
"574",1.26070849784061,37,0.325019655516371,2.17145386327902,0.555151018314064
"575",0.930273528937331,19,0.432551388628781,1.29131126718288,0.332210039254278
"576",0.494338307551009,25,0.0897343079559505,-0.181312351268789,0.416908414568752
"577",0.868273502632104,36,0.460177329368889,-0.0523422015546052,0.178256811574101
"578",1.99429000206542,35,0.934445877093822,1.74118746468997,0.883683499181643
"579",0.928683767314506,24,0.372444942127913,0.853838398841115,0.11447409237735
"580",1.17959065709756,28,0.643474987475201,-0.405983879415234,0.149458969943225
"581",0.372338546153687,7,0.221141679445282,0.157144381737378,0.697197746951133
"582",1.60958888257638,38,0.740939779672772,-0.321031586176423,0.564322371501476
"583",0.840356332375518,3,0.451351153664291,0.778605046854767,0.533344642492011
"584",0.804798937036104,29,0.037432805635035,0.55193301599656,0.799780217465013
"585",1.29463199626081,4,0.270179823506624,0.185498544460853,0.960838469676673
"586",1.26900412824267,9,0.680866156239063,0.792940087041868,0.190720900194719
"587",1.4391957694828,13,0.556560383643955,0.368197255775571,0.09646997298114
"588",0.928027447538087,13,0.556560383643955,-0.047089242601529,0.537041472969577
"589",1.46320959942291,9,0.680866156239063,0.851313130821152,0.735866922186688
"590",1.33175178453654,22,0.522848009364679,0.0847427661570384,0.26792823895812
"591",0.709058575168111,7,0.221141679445282,0.4647432589699,0.784757504472509
"592",0.901039829179393,36,0.460177329368889,0.068680238007179,0.310322336386889
"593",0.602930072892304,37,0.325019655516371,1.57507926261896,0.618015668354928
"594",0.658657611692089,26,0.321942498208955,-0.0599400502211961,0.610029305098578
"595",1.52552074005146,35,0.934445877093822,1.28665806773318,0.134465281385928
"596",1.24979101758367,13,0.556560383643955,0.149554451935231,0.406563187716529
"597",1.7895895506377,40,0.880219120532274,2.79436584805254,0.773847786942497
"598",0.552783733493435,2,0.105001977877691,-0.408974488029097,0.324709744658321
"599",1.05228621582916,30,0.352923148311675,-0.159125601766675,0.777385603403673
"600",0.992401433494152,10,0.78217046847567,1.19325065734253,0.343915310222656
"601",0.843188608677682,26,0.321942498208955,0.0307125208385673,0.775223113130778
"602",0.712495366617272,33,0.323008173611015,-0.660200055251112,0.69021498830989
"603",1.30265512002243,24,0.372444942127913,1.37336895686844,0.56104390672408
"604",0.576954686618344,31,0.302638154709712,-1.09576037229951,0.600940189091489
"605",0.994082513766558,34,0.782715590437874,0.42586250064758,0.716879567364231
"606",1.5758967011714,35,0.934445877093822,1.23100117921097,0.66806686273776
"607",0.959117494560328,13,0.556560383643955,-0.133437858653948,0.171974627533928
"608",1.49226842262917,28,0.643474987475201,-0.0506180338076403,0.0247057494707406
"609",1.13512328240673,33,0.323008173611015,-0.25328672004885,0.116879046661779
"610",1.33371410227203,15,0.430195479653776,2.84661804727309,0.372646028874442
"611",1.52647624817552,28,0.643474987475201,-0.0272087584695866,0.305054544005543
"612",1.51313759095931,40,0.880219120532274,2.56648464092169,0.339228171855211
"613",0.757731288829552,2,0.105001977877691,-0.179561940250759,0.189078273950145
"614",1.24113264739022,40,0.880219120532274,2.12339987429906,0.237829538295045
"615",0.548336516183529,36,0.460177329368889,-0.340838993405381,0.334700356703252
"616",0.305806531124424,18,0.195085471263155,1.97250113580444,0.6149772698991
"617",1.2389287169159,22,0.522848009364679,-0.0626379902900533,0.774917462375015
"618",0.746257495598856,11,0.0122249859850854,0.163486741768345,0.803934781579301
"619",1.81827891171618,10,0.78217046847567,1.89640236045622,0.628873833920807
"620",1.46722140854996,19,0.432551388628781,1.80586597288651,0.141263792291284
"621",0.757851886599586,9,0.680866156239063,0.232267116087539,0.00870468420907855
"622",0.77048359217945,6,0.0356267434544861,-0.972539932652731,0.00940684089437127
"623",0.950980883716199,14,0.254697712371126,-0.615771147481093,0.202783527085558
"624",0.708422538482896,21,0.429127688053995,-0.093105827859815,0.667289789067581
"625",1.82973471248041,8,0.78508092649281,0.00601396956828759,0.699884485220537
"626",0.593098416033495,24,0.372444942127913,0.520146652378979,0.10243135667406
"627",0.986444722781058,37,0.325019655516371,1.97125622200692,0.887594087980688
"628",0.65758251666664,36,0.460177329368889,-0.204322731792384,0.99875938333571
"629",0.644458354946579,15,0.430195479653776,2.13265127368302,0.141925477422774
"630",1.03119721926848,28,0.643474987475201,-0.552710947066461,0.276989161036909
"631",0.468838361232439,25,0.0897343079559505,-0.168759750216341,0.592906158883125
"632",0.119596215539807,29,0.037432805635035,-0.0955066882800614,0.150072450051084
"633",0.648786295695822,20,0.118678556056693,-0.217713385680574,0.123363385908306
"634",1.11890202507555,23,0.377736350754276,2.07519303483391,0.528764009242877
"635",1.17085301503386,15,0.430195479653776,2.6159983340747,0.918118123663589
"636",0.5175771697138,4,0.270179823506624,-0.677986657499577,0.865029962500557
"637",1.17380432981737,1,0.974587939446792,1.36885092944798,0.951332613592967
"638",0.94620249057889,30,0.352923148311675,-0.388149297690063,0.484584171092138
"639",0.954151521564599,15,0.430195479653776,2.4304063937723,0.692222479265183
"640",1.19953437065599,34,0.782715590437874,0.735765494609748,0.44645091611892
"641",1.01606328028732,16,0.931238568387926,-1.49320918907253,0.847168381325901
"642",0.934372914474921,34,0.782715590437874,0.455086661240583,0.94960883888416
"643",1.91966223955149,1,0.974587939446792,2.20342209075538,0.336554862558842
"644",0.796530297312382,14,0.254697712371126,-0.713080843969176,0.22004544804804
"645",1.23477382160637,32,0.406509780324996,1.92499689011477,0.825073813321069
"646",0.906178985285514,29,0.037432805635035,0.765809733487635,0.304228749359027
"647",1.04108387546704,9,0.680866156239063,0.483399834840609,0.570615440839902
"648",1.06927980366819,38,0.740939779672772,-0.775147962526126,0.211696432204917
"649",1.32499437686903,32,0.406509780324996,2.08675094226949,0.734158885432407
"650",1.56878478633351,28,0.643474987475201,0.0741461222545157,0.52698767464608
"651",0.964340944202715,24,0.372444942127913,0.918260312427672,0.25914970273152
"652",1.22350387438074,32,0.406509780324996,2.01533732748233,0.676960533251986
"653",1.40142693273827,14,0.254697712371126,-0.241438573284934,0.466965774307027
"654",0.408877631533812,29,0.037432805635035,0.108203015357226,0.97951067914255
"655",1.47411287276223,15,0.430195479653776,3.02029751991884,0.930610906332731
"656",0.455975492431758,25,0.0897343079559505,-0.248814560952669,0.73585524270311
"657",1.35504056505851,21,0.429127688053995,0.575350174045909,0.376087170559913
"658",1.06058689545421,3,0.451351153664291,1.07468571298331,0.551479897229001
"659",1.51671245761221,22,0.522848009364679,0.180200467169531,0.0797242841217667
"660",0.919997597560003,5,0.195495422463864,1.68021790266475,0.472304170951247
"661",1.06596396082427,8,0.78508092649281,-0.794633963467801,0.642050730530173
"662",1.30935525193686,16,0.931238568387926,-1.19959187441347,0.624512508977205
"663",1.79180614414024,16,0.931238568387926,-0.758734694950559,0.00612394977360964
"664",1.00020492759234,35,0.934445877093822,0.811249898292253,0.73787194583565
"665",0.38294303420447,29,0.037432805635035,0.0924297683611209,0.541812452021986
"666",1.15019987217703,34,0.782715590437874,0.669657043850546,0.291668310528621
"667",0.611155555081429,24,0.372444942127913,0.606612563853058,0.534684189595282
"668",0.539427742723553,25,0.0897343079559505,-0.126216818825415,0.730400867527351
"669",1.17969957024374,5,0.195495422463864,1.94073944797246,0.0479052530135959
"670",1.13553272758958,30,0.352923148311675,-0.0735577432308785,0.0916897936258465
"671",1.13486199353186,26,0.321942498208955,0.40273211560663,0.671472721034661
"672",1.04201765913492,40,0.880219120532274,2.06140372935798,0.196555146947503
"673",0.700206287273984,36,0.460177329368889,-0.180726137449422,0.260884975083172
"674",0.551487873566361,6,0.0356267434544861,-1.18116815010959,0.158540711738169
"675",1.7775682958772,1,0.974587939446792,1.99159250852612,0.92184209311381
"676",1.98179417560172,16,0.931238568387926,-0.591206154123225,0.365044113947079
"677",0.37998398645747,29,0.037432805635035,0.110826543599337,0.348299228120595
"678",0.979853948738747,39,0.279030201723799,-0.227434306226358,0.935728828655556
"679",0.98222153719717,5,0.195495422463864,1.875032361387,0.456182413734496
"680",1.29007033370529,31,0.302638154709712,-0.397420003376709,0.499411883763969
"681",2.0050630649332,1,0.974587939446792,2.15697587097024,0.983637847704813
"682",0.468490999192467,29,0.037432805635035,0.176000979796022,0.355243386700749
"683",0.772384379609102,2,0.105001977877691,-0.239127866919924,0.486368992365897
"684",1.11462582445346,40,0.880219120532274,2.15102353888679,0.943694647401571
"685",0.842402288376637,21,0.429127688053995,0.0423569139733652,0.936644290573895
"686",0.603336707908672,23,0.377736350754276,1.42763564002203,0.37694691750221
"687",0.757168117574498,2,0.105001977877691,-0.102943876521503,0.645278546726331
"688",0.950495186637251,2,0.105001977877691,0.0592485615091128,0.853430795483291
"689",1.16913255597185,5,0.195495422463864,2.07302218584782,0.456000514794141
"690",1.46069958409272,10,0.78217046847567,1.68756878381051,0.85454426240176
"691",0.860128086050106,36,0.460177329368889,-0.00697943681796775,0.205851556267589
"692",0.937766559430966,2,0.105001977877691,0.0877413672899557,0.393455005949363
"693",0.619354101567863,7,0.221141679445282,0.428263803783846,0.975085355574265
"694",0.323480489634484,14,0.254697712371126,-1.17423011182148,0.676178937079385
"695",1.63297281736991,35,0.934445877093822,1.39409938479042,0.0846490892581642
"696",1.25829949527777,17,0.983346971450374,-0.083654278242005,0.712839087471366
"697",1.01959104132837,23,0.377736350754276,1.86766741110446,0.825416511623189
"698",1.15049553631851,25,0.0897343079559505,0.408045665114114,0.938223853940144
"699",1.18268687020325,22,0.522848009364679,-0.0754215700512157,0.459303782088682
"700",0.568850147530195,39,0.279030201723799,-0.782629796823173,0.0675332702230662
"701",1.32342528896904,14,0.254697712371126,-0.256556340086201,0.858885576715693
"702",0.866906934086336,15,0.430195479653776,2.38791801506684,0.970929749077186
"703",0.742562112490748,22,0.522848009364679,-0.614413782903679,0.168160630390048
"704",1.1914384706383,17,0.983346971450374,-0.0508656346285473,0.0777267806697637
"705",1.22433610906508,37,0.325019655516371,2.21722089907998,0.328268253710121
"706",1.40192903277318,15,0.430195479653776,2.87285958492228,0.308944797841832
"707",1.03692803023084,20,0.118678556056693,0.278471103310701,0.902410312090069
"708",1.30745266818144,1,0.974587939446792,1.53384817207192,0.889495934359729
"709",0.461260975749977,20,0.118678556056693,-0.237053747381899,0.150599746732041
"710",1.78728743218287,10,0.78217046847567,1.91003655880146,0.695594837190583
"711",1.10837065498961,27,0.451597617240623,0.851061535298967,0.0947283005807549
"712",1.32435430925336,12,0.477747607743368,0.579075325837171,0.0770668722689152
"713",1.28993386596682,40,0.880219120532274,2.18741272074286,0.197022344218567
"714",1.4197399534858,10,0.78217046847567,1.48395901690625,0.945475701009855
"715",1.46630935607545,21,0.429127688053995,0.614354062190999,0.959687307244167
"716",1.45906927258685,28,0.643474987475201,-0.0252552586122503,0.589164350414649
"717",1.33444198832741,13,0.556560383643955,0.316393896712228,0.206554138101637
"718",1.40726867464837,38,0.740939779672772,-0.537376988122878,0.268355689244345
"719",0.887970765867561,33,0.323008173611015,-0.608003273168793,0.0873116196598858
"720",0.571557725270323,29,0.037432805635035,0.311557975897535,0.419871519552544
"721",0.841362750859135,6,0.0356267434544861,-1.04652749462927,0.791666561737657
"722",1.18006574908247,8,0.78508092649281,-0.595520247096444,0.332461984828115
"723",1.28133627628892,13,0.556560383643955,0.29052829556936,0.942846890538931
"724",1.12455555919945,24,0.372444942127913,1.04108874036269,0.0855540176853538
"725",1.33881865021013,32,0.406509780324996,2.06377720109761,0.458533847238868
"726",0.821748603347361,4,0.270179823506624,-0.341641277793105,0.627171843545511
"727",0.490289994136403,23,0.377736350754276,1.36777680402124,0.725291582290083
"728",0.32296919716848,11,0.0122249859850854,-0.254639643657804,0.812508432893082
"729",1.81329025698767,16,0.931238568387926,-0.755522654660322,0.712391709676012
"730",1.02884697892145,22,0.522848009364679,-0.290707664280884,0.189994235290214
"731",0.899364557422905,25,0.0897343079559505,0.194106616531426,0.485278118634596
"732",1.5107724844902,12,0.477747607743368,0.83908393708784,0.628320160321891
"733",1.5494584236929,1,0.974587939446792,1.79173913180788,0.542895035352558
"734",0.824207761988314,28,0.643474987475201,-0.73589218775547,0.677536049624905
"735",1.36648100907439,1,0.974587939446792,1.63376582578716,0.670181571273133
"736",0.833615525469995,28,0.643474987475201,-0.702583828659644,0.301408080384135
"737",1.05453159875924,27,0.451597617240623,0.747400714548447,0.38827490247786
"738",0.73326929320415,15,0.430195479653776,2.34438062860661,0.471823703730479
"739",1.19744513938406,38,0.740939779672772,-0.75730285132554,0.0639605154283345
"740",0.745337085500917,39,0.279030201723799,-0.464961519984215,0.839263478759676
"741",1.29641011439136,12,0.477747607743368,0.539329142167977,0.475740998750553
"742",0.416731171563987,6,0.0356267434544861,-1.38121933927702,0.280839513288811
"743",0.888761510160828,14,0.254697712371126,-0.671795117960239,0.954499055864289
"744",1.741080782741,16,0.931238568387926,-0.74590448200544,0.661484425654635
"745",1.76748288922803,9,0.680866156239063,1.19038877625303,0.902466725325212
"746",1.55503807532888,36,0.460177329368889,0.55421960147152,0.964821082307026
"747",0.580819661436059,31,0.302638154709712,-1.08756701421905,0.753515630960464
"748",0.704667502629544,15,0.430195479653776,2.31044207146422,0.72831980837509
"749",1.32148162507885,38,0.740939779672772,-0.602200424440844,0.87577925180085
"750",0.808781315129302,7,0.221141679445282,0.633844190117014,0.19165917346254
"751",0.740716953522358,13,0.556560383643955,-0.358121958553553,0.58515035524033
"752",1.08058537124752,36,0.460177329368889,0.102677792572028,0.70084711513482
"753",0.927542918810641,39,0.279030201723799,-0.426612585836708,0.689271140610799
"754",1.33395585477656,13,0.556560383643955,0.330241620781138,0.205258990637958
"755",0.618712630980836,37,0.325019655516371,1.58080708248453,0.391753724310547
"756",1.34075686061081,8,0.78508092649281,-0.515452878173689,0.00943245156668127
"757",1.00591884830794,30,0.352923148311675,-0.194331033282026,0.252766580088064
"758",1.15805701479217,31,0.302638154709712,-0.4895764447933,0.392056130804121
"759",0.758187718828506,5,0.195495422463864,1.64377839283524,0.373919034609571
"760",1.35562090414993,19,0.432551388628781,1.71014555765008,0.677064535673708
"761",1.65846547069736,1,0.974587939446792,1.96520162794699,0.648620301391929
"762",1.43264692061443,19,0.432551388628781,1.67847136862268,0.723712548147887
"763",0.668505515945826,31,0.302638154709712,-1.04230750149097,0.148152837064117
"764",1.38784481714793,9,0.680866156239063,0.800117195242135,0.721914291149005
"765",0.469226158135961,18,0.195085471263155,2.06400721417808,0.0317909657023847
"766",1.44379425510241,27,0.451597617240623,1.16254216572098,0.75124947540462
"767",1.10208974160557,36,0.460177329368889,0.108656384312159,0.434510717866942
"768",1.0826680182459,37,0.325019655516371,2.05689300213853,0.0304573343601078
"769",1.27089977377768,21,0.429127688053995,0.412533168745015,0.460193586535752
"770",1.19290562247625,5,0.195495422463864,2.0179583451475,0.425757519202307
"771",1.45387219418146,27,0.451597617240623,1.25353293726049,0.699645194457844
"772",1.69977741319981,17,0.983346971450374,0.370225092344942,0.554747472750023
"773",1.27693247592621,16,0.931238568387926,-1.18643524966975,0.161889559356496
"774",1.51592946286802,16,0.931238568387926,-1.01217895610099,0.453234191285446
"775",1.2281026672849,3,0.451351153664291,1.27293876342982,0.0773111232556403
"776",0.821073646430992,19,0.432551388628781,1.03497054742341,0.23924009478651
"777",1.36274956835077,28,0.643474987475201,-0.0596633650808682,0.7583204919938
"778",1.6579290476189,16,0.931238568387926,-0.97036123116342,0.559419413562864
"779",0.760808176310436,31,0.302638154709712,-0.841017076577799,0.633680653991178
"780",0.622654815395709,31,0.302638154709712,-1.03803805082086,0.44049507775344
"781",1.4206234309436,13,0.556560383643955,0.392075724208966,0.244499548571184
"782",1.95540282369921,16,0.931238568387926,-0.607315261651107,0.833237102720886
"783",1.49741028367622,28,0.643474987475201,-0.0205215443371882,0.770769829628989
"784",1.09488836445283,13,0.556560383643955,0.107473100776091,0.151087044272572
"785",0.84049899835086,25,0.0897343079559505,0.117939175791034,0.518224687082693
"786",1.39996642688576,21,0.429127688053995,0.516388511814896,0.698618886526674
"787",0.651792989268981,13,0.556560383643955,-0.398974327362836,0.545851449016482
"788",1.70546919873323,10,0.78217046847567,1.91010008850523,0.233856690814719
"789",1.28198605285408,30,0.352923148311675,0.0275762417483636,0.447696468560025
"790",0.778156526212793,39,0.279030201723799,-0.562159714342713,0.509870332665741
"791",1.0401520343271,22,0.522848009364679,-0.163633732074626,0.240925274556503
"792",1.59516408702177,10,0.78217046847567,1.6738976373376,0.73165103700012
"793",0.484708057145178,5,0.195495422463864,1.26906400921261,0.84538719127886
"794",1.29911572850911,30,0.352923148311675,0.112299648452506,0.382945962017402
"795",0.789653513431461,23,0.377736350754276,1.74819167505452,0.556205149274319
"796",0.0509054819547588,11,0.0122249859850854,-0.435024753393457,0.445202077738941
"797",1.12984471657311,27,0.451597617240623,0.961160255594321,0.207201641751453
"798",0.467083347961121,2,0.105001977877691,-0.381294314512824,0.767377606127411
"799",1.90377946701577,17,0.983346971450374,0.604838205683069,0.277456237003207
"800",1.2988773894071,7,0.221141679445282,1.11117831275616,0.9072251082398
"801",0.756860477598318,18,0.195085471263155,2.26277544456602,0.444383912719786
"802",0.891106792692247,38,0.740939779672772,-0.988348506300418,0.782129676779732
"803",0.898660172199102,32,0.406509780324996,1.66563278551787,0.44979507708922
"804",1.40170150484367,32,0.406509780324996,2.18390862782128,0.118721699807793
"805",0.201175696024784,25,0.0897343079559505,-0.508659573053083,0.535897413268685
"806",1.22200781249438,15,0.430195479653776,2.71804533857883,0.593103579944
"807",1.63341887313867,10,0.78217046847567,1.85481165703774,0.862855231389403
"808",1.40420815964157,35,0.934445877093822,1.12212169381058,0.682147360872477
"809",0.320342105305196,25,0.0897343079559505,-0.459322656286022,0.705661656567827
"810",1.33389276124246,35,0.934445877093822,0.983610204432289,0.118964293040335
"811",0.793267627471748,13,0.556560383643955,-0.331792927572266,0.236132631776854
"812",0.848172764128807,21,0.429127688053995,0.0895214654214421,0.0414982039947063
"813",1.21833916913612,15,0.430195479653776,2.6871837787892,0.160186536377296
"814",1.31644325735945,40,0.880219120532274,2.2738276781619,0.67159645142965
"815",1.93558401748473,17,0.983346971450374,0.707769545442449,0.870283793192357
"816",1.21995349675033,15,0.430195479653776,2.73732389375598,0.00916078011505306
"817",0.27166250928724,6,0.0356267434544861,-1.51316751022765,0.181118700886145
"818",1.3206446040207,24,0.372444942127913,1.25972369035976,0.764510294655338
"819",1.21670622754016,16,0.931238568387926,-1.36945897274492,0.579590681008995
"820",0.333536267478136,29,0.037432805635035,0.0668412803876842,0.76015926594846
"821",1.75205236401093,1,0.974587939446792,1.94810714760755,0.748876757686958
"822",1.10228834224783,24,0.372444942127913,1.07364740667203,0.160828346386552
"823",1.26781175741593,34,0.782715590437874,0.794288719974955,0.298141967738047
"824",1.41998950217308,22,0.522848009364679,0.173331022545941,0.725385179743171
"825",0.934496296390078,33,0.323008173611015,-0.450231839465192,0.578803204931319
"826",1.04912755827576,36,0.460177329368889,0.0997454521996738,0.617011822760105
"827",1.10626003045731,12,0.477747607743368,0.426743884429148,0.712221363093704
"828",0.847172208042373,15,0.430195479653776,2.39193864381903,0.190951296826825
"829",0.79919621911285,3,0.451351153664291,0.788634063383045,0.0486147361807525
"830",0.795028111894959,7,0.221141679445282,0.713443343367469,0.650182852288708
"831",1.42225703694284,8,0.78508092649281,-0.499016493182877,0.0787366332951933
"832",0.789291112507999,23,0.377736350754276,1.63592203461999,0.421040892833844
"833",0.918023032172571,15,0.430195479653776,2.51686396013045,0.285665014758706
"834",0.461592149078242,39,0.279030201723799,-0.788426598354861,0.862338772509247
"835",1.53533935295562,22,0.522848009364679,0.331972222127266,0.278395106084645
"836",1.53681854402223,10,0.78217046847567,1.63760859268174,0.271595509257168
"837",0.509035104560208,18,0.195085471263155,2.02007419653305,0.907656957395375
"838",0.788188709787765,12,0.477747607743368,0.0636427508180948,0.978339334949851
"839",0.548010343798456,6,0.0356267434544861,-1.18564115366841,0.523693659808487
"840",0.912103505963179,18,0.195085471263155,2.50037867613204,0.0392221387010068
"841",1.80539890839019,8,0.78508092649281,0.000679165035238127,0.10723450826481
"842",0.719755899770065,21,0.429127688053995,-0.0689570085902026,0.0783659482840449
"843",1.87704884546395,8,0.78508092649281,-0.0424611362128205,0.838420874672011
"844",0.366344132657481,25,0.0897343079559505,-0.405748991775399,0.549009969690815
"845",2.04774886181032,1,0.974587939446792,2.21055333411281,0.386768036289141
"846",0.707368134883351,26,0.321942498208955,-0.0628007723532232,0.155766020761803
"847",0.992883983618147,14,0.254697712371126,-0.484892951848844,0.411546944640577
"848",0.496461742675787,24,0.372444942127913,0.494103175143617,0.480227746069431
"849",1.53823337969356,35,0.934445877093822,1.2252039432173,0.847763926256448
"850",0.932617762888515,38,0.740939779672772,-0.908237517720727,0.870371496770531
"851",1.0517881811654,24,0.372444942127913,1.00008641744302,0.385826227022335
"852",1.12105932236351,25,0.0897343079559505,0.359422282534579,0.704649989493191
"853",0.47682393041466,37,0.325019655516371,1.51597945498215,0.452718088403344
"854",0.579988499857885,20,0.118678556056693,-0.286006364598754,0.196860793977976
"855",1.25221534166742,5,0.195495422463864,1.99188416989027,0.471054910914972
"856",1.07703287567293,30,0.352923148311675,-0.0902792381924085,0.206936741014943
"857",0.579922749265314,18,0.195085471263155,2.07177901282043,0.756476134061813
"858",1.20487447963664,15,0.430195479653776,2.7868906627971,0.849060833221301
"859",1.54248244376538,8,0.78508092649281,-0.313061890281985,0.439080950571224
"860",0.77618077028864,2,0.105001977877691,-0.0908805902542816,0.203903883229941
"861",0.711884434793416,36,0.460177329368889,-0.122932456870952,0.566669228253886
"862",1.07559071896653,28,0.643474987475201,-0.371804939534431,0.164335781009868
"863",0.842420746515142,32,0.406509780324996,1.52302222394958,0.844447628594935
"864",1.28906835904324,32,0.406509780324996,1.98612184681572,0.918274697382003
"865",1.93801618058202,35,0.934445877093822,1.59185074899545,0.655913245398551
"866",0.403173044839994,39,0.279030201723799,-0.859377367242858,0.972287091426551
"867",0.547143491770218,33,0.323008173611015,-0.815540883951103,0.575241543818265
"868",0.778467625837572,4,0.270179823506624,-0.303397236877362,0.542381737614051
"869",0.458330598073403,11,0.0122249859850854,-0.170186316076517,0.557819090317935
"870",1.64239612326024,35,0.934445877093822,1.36933061784333,0.326474018860608
"871",0.513643959821614,4,0.270179823506624,-0.610907362328152,0.936903613619506
"872",0.705029505823481,3,0.451351153664291,0.641464540441933,0.275309442076832
"873",1.10983446945323,20,0.118678556056693,0.31828289586131,0.990330410189927
"874",0.381372295953459,4,0.270179823506624,-0.701108523198645,0.155616783536971
"875",0.447076108915975,2,0.105001977877691,-0.516182381888692,0.994060662109405
"876",1.56647583440195,1,0.974587939446792,1.71729865439196,0.189621602650732
"877",1.15589559264206,39,0.279030201723799,-0.189701363963693,0.999751549446955
"878",0.992919437506751,33,0.323008173611015,-0.480084122186741,0.0532017652876675
"879",1.38379026582229,16,0.931238568387926,-1.19921998077845,0.758567721117288
"880",0.465589211930984,20,0.118678556056693,-0.393057024665061,0.295965140452608
"881",0.466249446674426,11,0.0122249859850854,-0.11107482988745,0.982298482675105
"882",1.23255130612773,30,0.352923148311675,-0.0776597488541595,0.0562923210673034
"883",0.902656945109237,13,0.556560383643955,-0.103738769648358,0.767569015035406
"884",1.10875182435984,22,0.522848009364679,-0.237871021214627,0.429938230663538
"885",0.494975594749689,11,0.0122249859850854,-0.0786174088193479,0.129609227646142
"886",1.35633062316276,38,0.740939779672772,-0.531043116611136,0.394069749861956
"887",0.926810577318681,36,0.460177329368889,-0.0691390114085911,0.751183800166473
"888",0.530644058637495,36,0.460177329368889,-0.351538854855502,0.754845151444897
"889",0.483709714435942,26,0.321942498208955,-0.159426903217247,0.813371853902936
"890",0.692300958224107,14,0.254697712371126,-0.853685393755252,0.091698695672676
"891",1.84360328759043,34,0.782715590437874,1.35999881007572,0.629301525419578
"892",0.859531340657311,18,0.195085471263155,2.38532563382827,0.0760755119845271
"893",0.776499518558507,9,0.680866156239063,0.268739768195017,0.525231923907995
"894",1.48265523597646,24,0.372444942127913,1.45023269417966,0.622562516015023
"895",0.245575946552549,11,0.0122249859850854,-0.213830028375462,0.540128104388714
"896",0.68727946169467,22,0.522848009364679,-0.663566328068949,0.491948210634291
"897",1.42671123020467,3,0.451351153664291,1.39227790263057,0.0564533502329141
"898",0.854206873067193,26,0.321942498208955,0.129092661798784,0.712599562248215
"899",0.770418531987301,13,0.556560383643955,-0.263602538259462,0.767988457810134
"900",1.14081053339799,38,0.740939779672772,-0.819437811526177,0.508761380333453
"901",0.878996764290095,21,0.429127688053995,-0.0325196279969325,0.583097082329914
"902",0.777135706061093,20,0.118678556056693,-0.021861960738781,0.323657607194036
"903",0.688274816911911,23,0.377736350754276,1.5553954244821,0.363337800372392
"904",0.56974616198588,26,0.321942498208955,-0.190020467485449,0.347769935149699
"905",1.66059697314267,40,0.880219120532274,2.64657339813303,0.345629962859675
"906",1.47100392480603,19,0.432551388628781,1.78419684374397,0.675596257671714
"907",0.684556547455182,25,0.0897343079559505,-0.0824261910888163,0.928358565317467
"908",1.06192886521423,9,0.680866156239063,0.443439341739802,0.177840428892523
"909",0.903876912763475,25,0.0897343079559505,0.281849417588601,0.598453614162281
"910",1.15470892543729,21,0.429127688053995,0.290382447949398,0.838509781751782
"911",1.04886893240791,7,0.221141679445282,0.827174757912797,0.762936827959493
"912",1.89182189927345,1,0.974587939446792,2.08453430516605,0.203208119375631
"913",1.90519310524202,8,0.78508092649281,-0.0309116093872733,0.911663724342361
"914",0.828342613639135,38,0.740939779672772,-1.05870119403367,0.721294304123148
"915",0.756070311184226,31,0.302638154709712,-0.924147915858583,0.74059356818907
"916",0.825058656563286,32,0.406509780324996,1.513169536587,0.275679817423224
"917",1.44702397814426,28,0.643474987475201,0.0166082885601471,0.147360893897712
"918",1.13806985620263,19,0.432551388628781,1.37447302404483,0.0746232799720019
"919",1.44169034294692,36,0.460177329368889,0.580673791263795,0.21787988836877
"920",0.625616076306294,37,0.325019655516371,1.58714358032593,0.981853468576446
"921",0.735877418425952,28,0.643474987475201,-0.71725928266338,0.992946954444051
"922",1.01218482994471,23,0.377736350754276,1.95178465370523,0.338615253800526
"923",0.816076213575823,33,0.323008173611015,-0.65018056196182,0.840401241090149
"924",0.871453186805274,33,0.323008173611015,-0.530439781751698,0.888170248595998
"925",1.90480545714808,17,0.983346971450374,0.692836414505752,0.116117542376742
"926",1.23564807840895,21,0.429127688053995,0.381545182148714,0.77690327167511
"927",1.75518222082571,1,0.974587939446792,2.00118873526302,0.235188705613837
"928",0.75327968479271,25,0.0897343079559505,0.0832888663140329,0.00941723631694913
"929",1.4032917143988,16,0.931238568387926,-1.21081877456819,0.296513988403603
"930",0.619903919876841,6,0.0356267434544861,-1.21395675647015,0.468975424999371
"931",1.37788685545168,15,0.430195479653776,2.88984665885598,0.373743894509971
"932",1.4862823957483,9,0.680866156239063,0.97969589511217,0.712153088999912
"933",0.606280210960228,32,0.406509780324996,1.40137552585095,0.630876176990569
"934",1.77152873357257,8,0.78508092649281,-0.0079082265461482,0.223106217104942
"935",0.823181386396216,6,0.0356267434544861,-1.01437437180372,0.356668359367177
"936",1.10055078472558,19,0.432551388628781,1.39159821241786,0.198456524405628
"937",0.470403451855579,2,0.105001977877691,-0.430685876166289,0.912370643345639
"938",1.31686955403782,15,0.430195479653776,2.89332075981454,0.117367907660082
"939",0.343244729093646,11,0.0122249859850854,-0.14405828918688,0.0173804336227477
"940",0.859149676873704,14,0.254697712371126,-0.630051650398338,0.781481600832194
"941",0.802627333041238,38,0.740939779672772,-1.04960592314851,0.685456975828856
"942",0.51901185757165,29,0.037432805635035,0.229199978357151,0.9002459498588
"943",0.768157310507388,20,0.118678556056693,-0.0038684179073899,0.605048487195745
"944",0.733837885143882,2,0.105001977877691,-0.260938906805431,0.654208360938355
"945",1.23859534261888,27,0.451597617240623,1.03673625550992,0.709924440365285
"946",1.63145763999995,9,0.680866156239063,1.13024791552038,0.141584469471127
"947",0.846108991553705,23,0.377736350754276,1.68332778022127,0.326136964838952
"948",0.966302661293358,26,0.321942498208955,0.300892491726988,0.398177064722404
"949",0.741889429442588,20,0.118678556056693,-0.0604335247537821,0.0835648737847805
"950",1.28262129201557,22,0.522848009364679,0.0178757699246181,0.16274907044135
"951",0.7658357566547,6,0.0356267434544861,-1.04591558589542,0.129878332139924
"952",1.24909668504551,3,0.451351153664291,1.29166797332973,0.948655614163727
"953",0.942202612382936,20,0.118678556056693,0.146306185657275,0.858199492795393
"954",0.928300762372143,14,0.254697712371126,-0.594039219955841,0.663216543383896
"955",0.418358483000068,39,0.279030201723799,-0.890131645656809,0.793513388140127
"956",1.21492534289305,32,0.406509780324996,1.91339830261298,0.84713569842279
"957",1.28174424592619,27,0.451597617240623,1.1162006955111,0.0215254018548876
"958",0.692002531318906,33,0.323008173611015,-0.759204176049894,0.240053982008249
"959",0.421119960899233,4,0.270179823506624,-0.704233487622122,0.943765310570598
"960",0.768314476566014,5,0.195495422463864,1.54346526719136,0.743400681531057
"961",1.62511254727372,40,0.880219120532274,2.59884571666945,0.580034831538796
"962",0.749348693851862,24,0.372444942127913,0.81180420147525,0.3280691341497
"963",0.814483106558232,31,0.302638154709712,-0.894381317142205,0.654072019970044
"964",0.972817237470755,15,0.430195479653776,2.45839902461537,0.278985076118261
"965",0.790128799876195,23,0.377736350754276,1.63041657826366,0.359591133426875
"966",0.254313381351911,20,0.118678556056693,-0.454858186514932,0.676001278217882
"967",1.26267377703497,22,0.522848009364679,-0.0379557623022573,0.975307577289641
"968",1.15810687471941,1,0.974587939446792,1.41090767669451,0.242495759390295
"969",2.02679519397317,1,0.974587939446792,2.17961112900597,0.688282066257671
"970",0.883300860126187,3,0.451351153664291,0.781522164759639,0.1635051749181
"971",0.583347616518163,32,0.406509780324996,1.26577200203777,0.704287637257949
"972",1.41385592328315,32,0.406509780324996,2.13622290546648,0.524449893040583
"973",1.09185383568671,27,0.451597617240623,0.899221891069927,0.0944444248452783
"974",1.45766968701578,9,0.680866156239063,0.930238718989356,0.600466877454892
"975",0.828764623574011,30,0.352923148311675,-0.438426334304779,0.683803367195651
"976",1.28816046290419,12,0.477747607743368,0.533592170428297,0.133771902183071
"977",0.748105396382114,18,0.195085471263155,2.34371754005619,0.432638444937766
"978",0.337633329090476,20,0.118678556056693,-0.361855802684906,0.0993583493400365
"979",1.03755455980095,14,0.254697712371126,-0.589535106497744,0.436047847149894
"980",1.28156661552322,40,0.880219120532274,2.32713449360918,0.901960210176185
"981",0.671929190309127,14,0.254697712371126,-0.839763647935281,0.405559170525521
"982",1.24461798708804,27,0.451597617240623,1.02957691508173,0.225555175449699
"983",0.111097359810756,11,0.0122249859850854,-0.382495402539,0.977474682498723
"984",1.19688584448572,7,0.221141679445282,1.01015476587046,0.412604592507705
"985",0.546976252316595,18,0.195085471263155,2.07154753771678,0.846316795796156
"986",1.32443613252888,31,0.302638154709712,-0.329337800917955,0.772091236663982
"987",0.656166814927888,27,0.451597617240623,0.493498112306141,0.606064453255385
"988",0.997572582826542,33,0.323008173611015,-0.441578635741239,0.8667756638024
"989",1.00685866827654,8,0.78508092649281,-0.795708184685806,0.0349447813350707
"990",1.04485782638304,31,0.302638154709712,-0.648044632579939,0.815315903164446
"991",1.27747790933295,21,0.429127688053995,0.370756550988902,0.550252663902938
"992",1.20981189320632,34,0.782715590437874,0.735921536077311,0.104978687828407
"993",0.354309029630749,2,0.105001977877691,-0.564248542763134,0.619500369764864
"994",1.44419421772611,32,0.406509780324996,2.15780422043629,0.871559729101136
"995",1.38759183066634,26,0.321942498208955,0.658241971763634,0.335098840529099
"996",0.225125026181974,20,0.118678556056693,-0.504045298183221,0.370909177698195
"997",1.32052183251903,15,0.430195479653776,2.85748822969415,0.228828538907692
"998",1.2716248424893,30,0.352923148311675,0.00148420255999349,0.980983950430527
"999",0.978498575843406,7,0.221141679445282,0.877665354244453,0.832896295236424
"1000",1.14632203636953,17,0.983346971450374,-0.195023086438863,0.600853800307959
